{
  "de": 2.6517732548713684,
  "en": 15.689140367507935,
  "es": 2.0735603737831116,
  "fr": 2.0563589215278624,
  "it": 1.9219915133714676,
  "mr": 2.0998796129226687,
  "ro": 2.0547861814498902,
  "ru": 2.159570879936218
}